dcs_object_type	petrovich_reporting_name
1L13 EWR	Box Spring radar
2B11 mortar	Mortar
2S6 Tunguska	2S6
55G6 EWR	Tall Rack radar
5p73 s-125 ln	SA-3 launcher
A-10A	A-10
A-10C	A-10
A-10C_2	A-10
A-20G	A-20
A-50	A-50
A6E	A-6
AA8	Ural fire truck
AAV7	AAV7
AH-1W	AH-1
AH-64A	AH-64
AH-64D	AH-64
AH-64D_BLK_II	AH-64
AJS37	AJS37
ALBATROS	Grisha corvette
ATMZ-5	Ural fuel truck
ATZ-10	Ural fuel truck
ATZ-5	Ural fuel truck
ATZ-60_Maz	MAZ tractor truck
ATZ-60_TANK	ATZ-60 fuel trailer
AV8BNA	AV-8
Allies_Director	Old military truck
An-26B	An-26
An-30M	An-30
B-17G	B-17
B-1B	B-1
B-52H	B-52
B600_drivable	Aircraft tug
BDK-775	Ropucha I landing ship
BMD-1	BMD-1
BMP-1	BMP-1
BMP-2	BMP-2
BMP-3	BMP-3
BRDM-2	BRDM-2
BRDM-2_malyutka	BRDM-2 ATGM
BTR-60	BTR-60
BTR-70	BTR-70
BTR-80	BTR-80
BTR-82A	BTR-82A
BTR_D	BTR-RD
Bedford_MWD	Old military truck
Bf-109K-4	Bf 109
Blitz_36-6700A	Old military truck
Boxcartrinity	Rwy. Freight car
Bunker	Bunker
C-101CC	C-101
C-101EB	C-101
C-130	C-130
C-130J-30	C-130
C-17A	C-17
C-47	C-47
CCKW_353	Old military truck
CH-47D	CH-47
CH-47Fbl1	CH-47
CH-53E	CH-53
CHAP_9K720_Cluster	SS-26 launcher
CHAP_9K720_HE	SS-26 launcher
CHAP_BMPT	BMPT
CHAP_FV101	FV101 Scorpion
CHAP_FV107	FV107 Scimitar
CHAP_IRISTSLM_CP	IRIS-T command post
CHAP_IRISTSLM_LN	IRIS-T launcher
CHAP_IRISTSLM_STR	IRIS-T radar
CHAP_M1083	MTV armored truck
CHAP_M1130	Stryker CV
CHAP_M142_ATACMS_M39A1	M142 HIMARS
CHAP_M142_ATACMS_M48	M142 HIMARS
CHAP_M142_GMLRS_M30	M142 HIMARS
CHAP_M142_GMLRS_M31	M142 HIMARS
CHAP_MATV	M-ATV MRAP
CHAP_PantsirS1	SA-22
CHAP_Project22160	Vasily Bykov patrol ship
CHAP_Project22160_TorM2KM	Vasily Bykov patrol ship
CHAP_T64BV	T-64BV
CHAP_T84OplotM	T-84 Oplot
CHAP_T90A	T-90A
CHAP_T90M	T-90M
CHAP_TOS1A	TOS-1A
CHAP_TigerUHT	EC665 Tiger
CHAP_TorM2	SA-15
CVN_71	Nimitz carrier
CVN_72	Nimitz carrier
CVN_73	Nimitz carrier
CVN_75	Nimitz carrier
CV_1143_5	Kuznetsov carrier
CastleClass_01	Castle patrol ship
Centaur_IV	Old tank
Challenger2	Challenger 2
Chieftain_mk3	Chieftain
Christen Eagle II	Civilian biplane
Churchill_VII	Old tank
Cleveland_Class	Old naval cruiser
Coach a passenger	Rwy. Passenger car
Coach a platform	Rwy. Flatcar
Coach a tank blue	Rwy. Tank car
Coach a tank yellow	Rwy. Tank car
Coach cargo	Rwy. Freight car
Coach cargo open	Rwy. Freight car
Cobra	Cobra armored vehicle
Cromwell_IV	Old tank
DRG_Class_86	Rwy. Steamer
DR_50Ton_Flat_Wagon	Rwy. Flatcar
Daimler_AC	Old armored car
Dog Ear radar	Dog Ear radar
Dry-cargo ship-1	Civilian cargo vessel
Dry-cargo ship-2	Civilian cargo vessel
E-2C	E-2
E-3A	E-3
ELNYA	Altay tanker ship
ES44AH	Rwy. Loco
Electric locomotive	Rwy. Loco
Elefant_SdKfz_184	Old artillery vehicle
Essex	Old aircraft carrier
F-100D	F-100
F-117A	F-117
F-14A	F-14
F-14A-135-GR	F-14
F-14A-135-GR-Early	F-14
F-14B	F-14
F-15C	F-15
F-15E	F-15
F-15ESE	F-15
F-16A	F-16
F-16A MLU	F-16
F-16C bl.50	F-16
F-16C bl.52d	F-16
F-16C_50	F-16
F-4E	F-4
F-4E-45MC	F-4
F-5E	F-5
F-5E-3	F-5
F-5E-3_FC	F-5
F-86F Sabre	F-86
F-86F_FC	F-86
F/A-18A	F/A-18
F/A-18C	F/A-18
F4U-1D	F4U Corsair
F4U-1D_CW	F4U Corsair
F6F-3	F6F Hellcat
FA-18C_hornet	F/A-18
FPS-117	FPS-117 radar
FPS-117 Dome	FPS-117 radar dome
FPS-117 ECS	FPS-117 control station
FW-190A8	Fw 190
FW-190D9	Fw 190
Falcon_Gyrocopter	Falcon gyrocopter
Flakscheinwerfer_37	Spotlight
Forrestal	Forrestal carrier
FuMG-401	Radar antenna
FuSe-65	Radar antenna
GAZ-3307	Civilian truck
GAZ-3308	GAZ truck
GAZ-66	GAZ truck
GCI_station_MiG29	MAZ truck command post
GD-20	Ground support equip
GMC_Dukw_353	Old amphib vehicle
GPS_Spoofer_Blue	Elec. Warfare vehicle
GPS_Spoofer_Red	Elec. Warfare vehicle
Gepard	Gepard
German_covered_wagon_G10	Rwy. Freight car
German_tank_wagon	Rwy. Tank car
Grad-URAL	BM-21
Grad_FDDM	MTLBu
H-6J	H-6
HEMTT TFFT	HEMTT fire truck
HEMTT_C-RAM_Phalanx	HEMTT C-RAM
HL_B8M1	Insurgent MLRS
HL_DSHK	Insurgent technical
HL_KORD	Insurgent technical
HL_ZPU4	Insurgent tech ZPU-4
HL_ZU-23	Insurgent tech ZU-23-2
HQ-7_LN_P	HQ-7
HQ-7_LN_SP	HQ-7
HQ-7_STR_SP	HQ-7 search radar
HandyWind	Civilian tanker vessel
HarborTug	Harbor tug
Hawk	Hawk
Hawk cwar	Hawk acquisition radar
Hawk ln	Hawk launcher
Hawk pcp	Hawk command post
Hawk sr	Hawk search radar
Hawk tr	Hawk track radar
Higgins_boat	Old landing craft
Horch_901_typ_40_kfz_21	Old car
Hummer	Humvee
IKARUS Bus	Civilian bus
IL-76MD	Il-76
IL-78M	Il-78
IMPROVED_KILO	Kilo submarine
Igla manpad INS	Insurgent MANPADS
Infantry AK	Soldier AK
Infantry AK Ins	Insurgent AK
Infantry AK ver2	Soldier AK
Infantry AK ver3	Soldier AK
J-11A	J-11
JF-17	JF-17
JTAC	Soldier JTAC
JagdPz_IV	Old artillery vehicle
Jagdpanther_G1	Old artillery vehicle
Ju-88A4	Ju 88
KAMAZ Truck	KAMAZ truck
KC-135	KC-135
KC130	C-130
KC135MPRS	KC-135
KDO_Mod40	Old flak gunsight
KILO	Kilo submarine
KJ-2000	KJ-2000
KS-19	KS-19
KUZNECOW	Kuznetsov carrier
Ka-27	Ka-27
Ka-50	Ka-50
Ka-50_3	Ka-50
KrAZ6322	KrAZ truck
Kub 1S91 str	SA-6 Straight Flush radar
Kub 2P25 ln	SA-6 launcher
Kubelwagen_82	Old car
L-39C	L-39
L-39ZA	L-39
L118_Unit	L118
LARC-V	LARC-V
LAV-25	LAV-25
LAZ Bus	Civilian bus
LHA_Tarawa	Tarawa assault ship
LST_Mk2	Old transport ship
La_Combattante_II	La Combattante II patrol
Land_Rover_101_FC	Land Rover 101FC
Land_Rover_109_S3	Land Rover 109
LeFH_18-40-105	Old artillery gun
Leclerc	Leclerc
Leopard-2	Leopard 2
Leopard-2A5	Leopard 2
Leopard1A3	Leopard 1
LiAZ Bus	Civilian bus
Locomotive	Rwy. Loco
M 818	M939 5-ton truck
M-1 Abrams	M1 Abrams
M-109	M109 Paladin
M-109_TEMPORARY	M109 Paladin
M-113	M113
M-2 Bradley	M2 Bradley
M-2000C	Mirage 2000
M-60	M60 Patton
M1043 HMMWV Armament	Humvee .50 cal
M1045 HMMWV TOW	Humvee ATGM
M1097 Avenger	Humvee Avenger
M10_GMC	Old artillery vehicle
M1126 Stryker ICV	Stryker ICV
M1128 Stryker MGS	Stryker MGS
M1134 Stryker ATGM	Stryker ATGM
M12_GMC	Old artillery vehicle
M1A2C_SEP_V3	M1 Abrams
M1_37mm	Old flak gun
M2A1-105	M101
M2A1_halftrack	Old halftrack
M30_CC	Old tracked vehicle
M3A1 Stuart	M3 Stuart
M45_Quadmount	Old antiaircraft gun
M48 Chaparral	M48 Chaparral
M4A4_Sherman_FF	M4 Sherman
M4_Sherman	M4 Sherman
M4_Tractor	Old tracked vehicle
M6 Linebacker	M6 Linebacker
M8_Greyhound	Old armored car
M978 HEMTT Tanker	HEMTT fuel truck
MAZ-6303	Civilian truck
MB-339A	MB-339
MB-339APAN	MB-339
MCV-80	FV510 Warrior
MJ-1_drivable	Ground support equip
MLRS	M270 MLRS
MLRS FDDM	Humvee .50 cal
MOLNIYA	Tarantul III corvette
MOSCOW	Slava cruiser
MQ-9 Reaper	MQ-9
MTLB	MTLB
Marder	Marder
Maschinensatz_33	Generator
MaxxPro_MRAP	MaxxPro MRAP
Merkava_Mk4	Merkava
Mi-24P	Mi-24
Mi-24V	Mi-24
Mi-26	Mi-26
Mi-28N	Mi-28
Mi-28N_CHAP	Mi-28
Mi-8MT	Mi-8
MiG-15bis	MiG-15
MiG-15bis_FC	MiG-15
MiG-19P	MiG-19
MiG-21Bis	MiG-21
MiG-23MLD	MiG-23
MiG-25PD	MiG-25
MiG-25RBT	MiG-25
MiG-27K	MiG-27
MiG-29 Fulcrum	MiG-29
MiG-29A	MiG-29
MiG-29G	MiG-29
MiG-29S	MiG-29
MiG-31	MiG-31
Mirage 2000-5	Mirage 2000
Mirage-F1AD	Mirage F1
Mirage-F1AZ	Mirage F1
Mirage-F1B	Mirage F1
Mirage-F1BD	Mirage F1
Mirage-F1BE	Mirage F1
Mirage-F1BQ	Mirage F1
Mirage-F1C	Mirage F1
Mirage-F1C-200	Mirage F1
Mirage-F1CE	Mirage F1
Mirage-F1CG	Mirage F1
Mirage-F1CH	Mirage F1
Mirage-F1CJ	Mirage F1
Mirage-F1CK	Mirage F1
Mirage-F1CR	Mirage F1
Mirage-F1CT	Mirage F1
Mirage-F1CZ	Mirage F1
Mirage-F1DDA	Mirage F1
Mirage-F1ED	Mirage F1
Mirage-F1EDA	Mirage F1
Mirage-F1EE	Mirage F1
Mirage-F1EH	Mirage F1
Mirage-F1EQ	Mirage F1
Mirage-F1JA	Mirage F1
Mirage-F1M-CE	Mirage F1
Mirage-F1M-EE	Mirage F1
Mogami	Old naval cruiser
MosquitoFBMkVI	Mosquito
NASAMS_Command_Post	NASAMS command post
NASAMS_LN_B	NASAMS launcher
NASAMS_LN_C	NASAMS launcher
NASAMS_Radar_MPQ64F1	NASAMS radar
NEUSTRASH	Neustrashimy frigate
OH-58D	OH-58
OH58D	OH-58
Osa 9A33 ln	SA-8
P-47D-30	P-47
P-47D-30bl1	P-47
P-47D-40	P-47
P-51D	P-51
P-51D-30-NA	P-51
P14_SR	Tall King radar
P20_drivable	Utility truck
PBY Catalina	Catalina seaplane
PERRY	Oliver H. Perry frigate
PIOTR	Kirov battlecruiser
PL5EII Loadout	Aircraft munitions
PL8 Loadout	Aircraft munitions
PLZ05	PLZ-05
PT_76	PT-76
Pak40	Old artillery gun
Paratrooper AKS-74	Soldier AK
Paratrooper RPG-16	Soldier RPG
Patriot AMG	Patriot comms antenna
Patriot ECS	Patriot control station
Patriot EPP	Patriot power generator
Patriot cp	Patriot command post
Patriot ln	Patriot launcher
Patriot str	Patriot radar
Predator GCS	UAV command post GCS
Predator TrojanSpirit	UAV SATCOM antenna
Pz_IV_H	Old tank
Pz_V_Panther_G	Old tank
QF-4E	F-4E
QF_37_AA	Old flak gun
RD_75	SA-2 rangefinder
REZKY	Krivak II frigate
RLS_19J6	SA-5 Tin Shield radar
RPC_5N62V	SA-5 Square Pair radar
RQ-1A Predator	MQ-1
Roland ADS	Roland
Roland Radar	Roland search radar
S-200_Launcher	SA-5 launcher
S-300PS 40B6M tr	SA-10 Flap Lid radar
S-300PS 40B6MD sr	SA-10 Clam Shell radar
S-300PS 40B6MD sr_19J6	SA-10 Tin Shield radar
S-300PS 54K6 cp	SA-10 command post
S-300PS 5H63C 30H6_tr	SA-10 Flap Lid radar
S-300PS 5P85C ln	SA-10 launcher
S-300PS 5P85D ln	SA-10 launcher
S-300PS 64H6E sr	SA-10 Big Bird radar
S-3B	S-3
S-3B Tanker	S-3
S-60_Type59_Artillery	S-60
SA-11 Buk CC 9S470M1	SA-11 command post
SA-11 Buk LN 9A310M1	SA-11 launcher
SA-11 Buk SR 9S18M1	SA-11 Snow Drift radar
SA-18 Igla comm	Soldier MANPADS
SA-18 Igla manpad	Soldier MANPADS
SA-18 Igla-S comm	Soldier MANPADS
SA-18 Igla-S manpad	Soldier MANPADS
SA342L	SA342
SA342M	SA342
SA342Minigun	SA342
SA342Mistral	SA342
SAU 2-C9	2S9
SAU Akatsia	2S3
SAU Gvozdika	2S1
SAU Msta	2S19
SD10 Loadout	Aircraft munitions
SH-60B	SH-60
SKP-11	SKP-11 command post
SK_C_28_naval_gun	Bunker
SNR_75V	SA-2 Fan Song radar
SON_9	Fire Can radar
S_75M_Volhov	SA-2 launcher
S_75_ZIL	ZIL tractor truck
S_75_Zil_Trailer	SA-2 missile trailer
Sandbox	Bunker
Schnellboot_type_S130	Old fast attack craft
Scud_B	SS-1 Scud launcher
Sd_Kfz_2	Old halftrack cycle
Sd_Kfz_234_2_Puma	Old armored car
Sd_Kfz_251	Old halftrack
Sd_Kfz_7	Old halftrack
Seawise_Giant	Civilian tanker vessel
Ship_Tilde_Supply	Tilde supply ship
Silkworm_SR	Silkworm radar
Smerch	BM-30
Smerch_HE	BM-30
Soldier AK	Soldier AK
Soldier M249	Soldier M249
Soldier M4	Soldier M4
Soldier M4 GRG	Soldier M4
Soldier RPG	Insurgent RPG
Soldier stinger	Soldier MANPADS
SpGH_Dana	DANA
SpitfireLFMkIX	Spitfire
SpitfireLFMkIXCW	Spitfire
Stennis	Nimitz carrier
Stinger comm	Soldier MANPADS
Stinger comm dsr	Soldier MANPADS
Strela-1 9P31	SA-9
Strela-10M3	SA-13
Stug_III	Old artillery vehicle
Stug_IV	Old artillery vehicle
SturmPzIV	Old artillery vehicle
Su-17M4	Su-17
Su-24M	Su-24
Su-24MR	Su-24
Su-25	Su-25
Su-25T	Su-25
Su-25TM	Su-25
Su-27	Su-27
Su-30	Su-30
Su-33	Su-33
Su-34	Su-34
T-34-85	T-34
T-55	T-55
T-62M	T-62M
T-72B	T-72B
T-72B3	T-72B3
T-80B	T-80B
T-80UD	T-80U
T-90	T-90A
T155_Firtina	T-155
TACAN_beacon	Portable TACAN
TF-51D	P-51
TICONDEROG	Ticonderoga cruiser
TPZ	TPz Fuchs
TYPE-59	Type 59
TZ-22_KrAZ	KrAZ tractor truck
TZ-22_TANK	TZ-22 fuel trailer
Tankcartrinity	Rwy. Tank car
Tetrarch	Old tank
Tiger_I	Old tank
Tiger_II_H	Old tank
Tigr_233036	Tigr armored vehicle
TomahawkLauncher	M270 MLRS
Tor 9A331	SA-15
Tornado GR4	Tornado
Tornado IDS	Tornado
Trolley bus	Civilian bus
Tu-142	Tu-142
Tu-160	Tu-160
Tu-22M3	Tu-22
Tu-95MS	Tu-95
Tu-95MS_CHAP	Tu-95
TugHarlan_drivable	Aircraft tug
Type 95	Old tank
Type_021_1	Huangfeng missile boat
Type_052B	Luyang I destroyer
Type_052C	Luyang II destroyer
Type_054A	Jiangkai II frigate
Type_071	Yuzhao landing ship
Type_093	Shang submarine
Type_1_47mm_Gun	Old artillery gun
Type_2_Ka-Mi	Old tank
Type_92_70BGun	Old artillery gun
Type_94_TK	Old tank
Type_97_ChiHa	Old tank
Type_97_ShinHoTo	Old tank
Type_97_TeKe	Old tank
Type_98_20mm	Old antiaircraft gun
UAZ-469	UAZ utility vehicle
UH-1H	UH-1
UH-60A	UH-60
USS_Arleigh_Burke_IIa	Arleigh Burke destroyer
USS_Samuel_Chase	Old transport ship
Uboat_VIIC	Old U-boat
Uragan_BM-27	BM-27
Ural ATsP-6	Ural fire truck
Ural-375	Ural truck
Ural-375 PBU	Ural command post
Ural-375 ZU-23	Ural truck ZU-23-2
Ural-375 ZU-23 Insurgent	Insurgent Ural ZU-23-2
Ural-4320 APA-5D	Ural GPU truck
Ural-4320-31	Ural armored truck
Ural-4320T	Ural truck
VAB_Mephisto	VAB Mephisto
VAZ Car	Civilian car
Vulcan	M163 Vulcan
Wellcarnsc	Rwy. Flatcar
Wespe124	Old artillery vehicle
Willys_MB	Old Jeep
WingLoong-I	WingLoong
Yak-40	Civilian jet plane
Yak-52	Civilian light plane
ZBD04A	ZBD-04
ZIL-131 KUNG	ZIL truck command post
ZIL-135	ZIL heavy truck
ZIL-4331	Civilian truck
ZPU4	ZPU-4
ZSU-23-4 Shilka	ZSU-23-4
ZSU_57_2	ZSU-57-2
ZTZ96B	ZTZ-96
ZU-23 Closed Insurgent	Insurgent ZU-23-2
ZU-23 Emplacement	ZU-23-2
ZU-23 Emplacement Closed	ZU-23-2
ZU-23 Insurgent	Insurgent ZU-23-2
ZWEZDNY	Civilian vessel
ZiL-131 APA-80	ZIL GPU truck
ara_vdm	Vient. de Mayo carrier
atconveyor	Civilian cargo vessel
bofors40	Old flak gun
fire_control	Bunker
flak18	Old flak gun
flak30	Old flak gun
flak36	Old flak gun
flak37	Old flak gun
flak38	Old flak gun
flak41	Old flak gun
gaz-66_civil	GAZ truck
generator_5i57	Generator
hms_invincible	Invincible carrier
house1arm	Barracks
house2arm	Watch tower
houseA_arm	House
hy_launcher	Silkworm launcher
kamaz_tent_civil	KAMAZ truck
leander-gun-achilles	Leander frigate
leander-gun-andromeda	Leander frigate
leander-gun-ariadne	Leander frigate
leander-gun-condell	Condell frigate
leander-gun-lynch	Condell frigate
leopard-2A4	Leopard 2
leopard-2A4_trs	Leopard 2
m1_vla	Aerostat
outpost	Outpost
outpost_road	Outpost
outpost_road_l	Outpost
outpost_road_r	Outpost
p-19 s-125 sr	Flat Face radar
prmg_gp_beacon	Portable PRMG
prmg_loc_beacon	Portable PRMG
r11_volvo_drivable	R-11 fuel truck
rapier_fsa_blindfire_radar	Rapier Blindfire radar
rapier_fsa_launcher	Rapier launcher
rapier_fsa_optical_tracker_unit	Rapier optical tracker
rsbn_beacon	Portable RSBN
santafe	Balao submarine
snr s-125 tr	SA-3 Low Blow radar
soldier_mauser98	Soldier
soldier_wwii_br_01	Soldier
soldier_wwii_us	Soldier
speedboat	Fast attack craft
tacr2a	Range Rover fire truck
tt70	Civilian truck
tt70_rpg	Insurgent MLRS
tt70_type63	Insurgent MLRS
ttHL_rpg	Insurgent MLRS
tt_B8M1	Insurgent MLRS
tt_DSHK	Insurgent technical
tt_KORD	Insurgent technical
tt_ZPU4	Insurgent tech ZPU-4
tt_ZU-23	Insurgent tech ZU-23-2
tthl	Civilian truck
tthl_type63	Insurgent MLRS
ural_4230_civil_b	Ural truck
ural_4230_civil_t	Ural truck
ural_atz5_civil	Ural fuel truck
v1_launcher	Launch ramp
zil-131_civil	ZIL tractor truck
